"tree_id","species","height_baseline","height_final"
1,"willow",188,192
8,"oak",288,294
19,"fir",410,429
21,"fir",145,167
24,"oak",326,338
25,"willow",313,324
27,"fir",286,300
30,"oak",323,338
31,"fir",133,155
33,"willow",211,222
34,"fir",180,200
41,"oak",278,294
44,"fir",277,300
48,"oak",328,338
53,"willow",342,345
56,"fir",109,127
61,"fir",68,89
71,"oak",341,358
74,"fir",24,35
76,"oak",350,363
87,"oak",424,435
88,"fir",171,195
89,"willow",243,254
92,"willow",337,332
93,"fir",287,307
105,"fir",310,327
115,"oak",244,256
118,"oak",302,317
120,"willow",255,261
129,"fir",275,292
135,"willow",304,312
143,"willow",230,241
144,"oak",194,215
151,"fir",150,171
154,"fir",77,96
157,"willow",208,215
160,"oak",159,170
165,"fir",274,294
167,"fir",166,182
170,"willow",194,201
173,"oak",317,326
187,"willow",208,219
195,"fir",424,446
196,"willow",315,306
197,"willow",335,348
201,"willow",320,324
209,"fir",117,137
216,"willow",230,238
223,"fir",229,248
227,"fir",288,310
236,"fir",285,305
238,"fir",326,310
243,"willow",235,241
248,"oak",241,259
252,"fir",196,225
255,"willow",181,190
267,"fir",175,195
268,"fir",136,157
279,"willow",247,257
281,"fir",185,202
282,"willow",283,291
299,"fir",317,343
327,"oak",246,256
329,"fir",201,223
332,"willow",314,319
341,"fir",216,235
348,"willow",317,320
350,"willow",272,284
357,"oak",257,267
359,"fir",161,180
364,"willow",315,320
365,"oak",291,307
370,"oak",309,314
373,"fir",245,262
378,"willow",307,312
381,"oak",257,271
386,"fir",177,201
395,"oak",349,361
403,"willow",244,241
407,"willow",300,310
420,"oak",487,493
422,"willow",224,234
428,"oak",332,348
431,"oak",308,319
437,"oak",243,255
456,"willow",214,223
459,"willow",241,247
473,"oak",272,287
475,"oak",176,196
476,"oak",301,312
478,"oak",308,321
483,"willow",176,165
493,"willow",316,326
497,"fir",230,247
507,"oak",372,389
510,"fir",273,291
524,"oak",290,300
528,"oak",350,362
531,"fir",138,161
543,"oak",334,349
547,"fir",230,252
551,"oak",389,394
559,"fir",46,59
566,"willow",199,207
570,"fir",156,174
571,"oak",390,404
578,"oak",432,444
579,"oak",344,356
584,"oak",325,340
589,"fir",291,310
601,"oak",264,280
604,"fir",210,241
609,"willow",250,261
626,"fir",269,289
631,"fir",218,236
644,"oak",327,341
652,"fir",250,273
654,"willow",288,296
660,"fir",13,26
663,"oak",294,309
664,"oak",278,292
671,"willow",216,223
674,"fir",246,266
677,"willow",258,269
680,"fir",127,144
684,"fir",191,212
701,"willow",364,373
702,"oak",289,298
708,"fir",-22,-6
716,"willow",225,234
717,"willow",261,268
718,"willow",233,241
722,"willow",334,342
725,"fir",174,192
729,"oak",385,395
739,"willow",261,269
743,"fir",312,336
748,"oak",199,212
750,"oak",330,341
754,"oak",338,340
756,"oak",381,390
757,"willow",298,305
762,"willow",293,303
770,"willow",302,309
773,"oak",265,273
777,"fir",301,319
778,"fir",53,71
785,"willow",295,301
796,"oak",244,252
801,"fir",149,171
807,"fir",246,269
823,"willow",295,308
836,"willow",249,260
839,"oak",337,356
860,"willow",221,226
871,"willow",272,282
875,"fir",185,182
883,"willow",240,252
890,"fir",260,281
898,"willow",234,244
914,"fir",67,81
917,"fir",9,31
935,"oak",198,215
940,"willow",137,143
960,"fir",250,273
963,"oak",475,482
966,"willow",311,315
970,"oak",398,404
986,"oak",262,271
987,"oak",529,536
988,"willow",170,176
998,"oak",346,363
1002,"willow",269,279
1005,"willow",230,236
1006,"fir",204,229
1009,"oak",399,409
1010,"willow",344,350
1012,"oak",286,298
1022,"oak",325,332
1027,"fir",22,39
1031,"oak",390,408
1033,"fir",187,202
1034,"fir",307,300
1036,"oak",352,359
1048,"fir",50,71
1049,"willow",224,236
1055,"fir",163,180
1057,"willow",268,271
1059,"fir",259,278
1077,"oak",447,463
1088,"oak",387,394
1099,"willow",274,280
1102,"oak",289,295
1107,"fir",204,226
1120,"oak",245,260
1129,"willow",253,258
1131,"fir",164,190
1135,"fir",99,114
1136,"willow",267,282
1138,"oak",479,489
1140,"oak",357,372
1143,"fir",101,121
1168,"oak",392,399
1180,"fir",25,50
1185,"willow",250,260
1192,"willow",280,291
1193,"oak",187,204
1200,"willow",238,248
1201,"willow",357,366
1203,"fir",193,217
1208,"willow",315,319
1221,"willow",252,259
1224,"oak",281,278
1226,"fir",210,188
1228,"willow",216,216
1242,"willow",306,309
1244,"willow",295,302
1246,"oak",370,380
1258,"fir",91,113
1261,"willow",200,193
1264,"fir",132,148
1271,"fir",321,343
1284,"oak",425,442
1291,"oak",358,373
1292,"oak",305,318
1296,"willow",289,294
1297,"fir",214,230
1299,"willow",309,313
1300,"willow",248,256
1304,"oak",398,419
1310,"fir",272,287
1313,"willow",289,295
1314,"oak",390,396
1321,"willow",290,295
1324,"willow",282,293
1328,"willow",363,371
1333,"willow",311,321
1335,"willow",216,223
1339,"willow",206,215
1351,"fir",258,283
1359,"fir",96,113
1361,"willow",234,241
1365,"oak",284,297
1367,"fir",170,191
1372,"fir",171,187
1373,"oak",391,402
1376,"willow",240,246
1380,"willow",192,203
1386,"willow",231,237
1392,"oak",377,399
1394,"willow",225,231
1401,"oak",337,344
1408,"oak",346,355
1410,"fir",268,284
1413,"fir",145,164
1438,"willow",238,253
1440,"fir",113,137
1441,"fir",162,180
1442,"willow",229,237
1448,"willow",326,331
1453,"oak",475,481
1455,"willow",288,295
1464,"fir",182,202
1472,"oak",370,382
1483,"oak",329,340
1486,"willow",238,239
1488,"willow",281,293
1501,"willow",197,187
1507,"fir",179,201
1510,"fir",161,182
1517,"oak",316,320
1519,"fir",340,356
1522,"fir",220,242
1523,"oak",356,370
1524,"oak",256,271
1525,"fir",96,123
1528,"oak",416,430
1530,"fir",-169,-155
1553,"oak",355,373
1557,"oak",170,181
1560,"fir",246,278
1564,"oak",410,402
1574,"oak",203,216
1578,"fir",102,134
1590,"fir",142,163
1619,"willow",192,203
1620,"fir",135,131
1621,"willow",244,254
1624,"willow",235,241
1628,"willow",207,217
1648,"willow",313,324
1651,"willow",298,306
1653,"willow",261,265
1656,"oak",390,400
1658,"willow",276,285
1666,"willow",290,301
1667,"fir",21,41
1677,"willow",240,246
1680,"fir",277,298
1704,"oak",422,434
1717,"oak",236,258
1719,"oak",334,349
1722,"fir",264,291
1725,"fir",187,208
1747,"oak",207,222
1749,"oak",406,418
1750,"willow",260,267
1752,"fir",115,134
1761,"fir",123,152
1766,"fir",299,317
1767,"willow",264,273
1772,"willow",262,271
1773,"willow",328,338
1788,"fir",229,251
1797,"willow",310,316
1805,"willow",185,194
1815,"willow",145,152
1818,"oak",366,369
1842,"fir",121,142
1845,"fir",367,388
1850,"oak",255,267
1854,"fir",155,166
1857,"oak",272,283
1867,"willow",352,359
1868,"fir",241,267
1886,"willow",280,283
1894,"oak",314,329
1905,"willow",234,244
1910,"willow",201,206
1915,"willow",213,220
1917,"oak",240,246
1919,"willow",270,268
1920,"oak",465,483
1921,"fir",16,27
1924,"fir",195,210
1926,"willow",291,297
1929,"fir",373,388
1938,"oak",311,319
1945,"oak",310,320
1957,"oak",491,485
1959,"willow",376,384
1983,"fir",179,195
1986,"oak",329,345
1989,"oak",333,334
1999,"willow",230,238
2005,"fir",229,248
2008,"oak",407,417
2017,"oak",287,292
2026,"oak",370,385
2042,"fir",151,177
2048,"fir",212,229
2063,"willow",221,229
2065,"fir",94,120
2074,"fir",30,52
2076,"fir",210,238
2078,"oak",379,394
2082,"willow",245,232
2089,"willow",225,232
2091,"fir",86,104
2092,"willow",254,262
2097,"fir",-78,-71
2105,"willow",253,260
2107,"willow",299,306
2112,"oak",403,418
2114,"fir",188,201
2118,"oak",284,302
2119,"oak",416,424
2150,"oak",327,343
2151,"oak",354,348
2152,"willow",237,246
2156,"fir",28,44
2157,"fir",251,275
2164,"oak",329,343
2167,"willow",247,252
2173,"willow",254,259
2176,"fir",115,137
2187,"fir",90,116
2195,"oak",362,372
2215,"oak",265,277
2216,"fir",99,124
2217,"willow",256,265
2221,"oak",354,372
2224,"willow",255,266
2240,"willow",288,300
2242,"willow",189,194
2245,"fir",233,255
2252,"willow",270,279
2256,"fir",177,189
2260,"oak",187,199
2263,"fir",228,252
2268,"willow",221,229
2274,"willow",283,275
2280,"willow",210,218
2286,"oak",248,262
2290,"willow",239,249
2304,"fir",52,65
2308,"willow",324,319
2314,"oak",240,252
2315,"fir",307,329
2317,"oak",272,285
2321,"fir",202,226
2325,"fir",305,323
2327,"willow",222,227
2329,"willow",132,137
2330,"willow",320,336
2332,"fir",-31,-6
2338,"fir",132,155
2340,"willow",217,222
2345,"fir",147,159
2348,"fir",205,228
2352,"oak",282,296
2355,"willow",179,190
2369,"fir",63,79
2373,"oak",338,349
2378,"willow",254,261
2384,"oak",315,326
2387,"oak",253,259
2388,"willow",225,234
2391,"fir",303,321
2393,"fir",-61,-41
2398,"fir",193,211
2403,"fir",14,34
2405,"willow",223,229
2411,"oak",270,286
2417,"fir",189,204
2419,"fir",243,267
2420,"oak",370,378
2422,"oak",203,215
2427,"willow",240,250
2429,"oak",447,459
2434,"willow",219,227
2435,"fir",100,119
2442,"willow",297,305
2452,"willow",283,290
2457,"oak",338,340
2465,"oak",438,451
2470,"willow",269,264
2472,"fir",168,182
2475,"fir",224,235
2495,"oak",335,341
2505,"fir",47,61
2511,"fir",233,245
2517,"oak",239,226
2525,"oak",346,362
2539,"fir",354,382
2559,"willow",271,281
2572,"oak",331,351
2574,"oak",291,299
2581,"oak",324,336
2585,"oak",239,246
2588,"fir",101,121
2596,"fir",179,198
2597,"willow",280,287
2608,"oak",443,452
2609,"willow",200,193
2612,"fir",218,239
2617,"fir",119,132
2621,"willow",285,294
2624,"willow",246,254
2632,"fir",198,214
2634,"willow",257,261
2649,"oak",394,406
2651,"fir",209,225
2653,"oak",307,315
2659,"willow",257,264
2663,"willow",233,238
2673,"fir",174,194
2676,"oak",241,252
2682,"oak",185,192
2684,"oak",263,278
2687,"oak",282,297
2697,"willow",296,303
2710,"willow",254,264
2714,"fir",62,79
2733,"fir",200,218
2745,"fir",247,272
2763,"willow",200,210
2771,"willow",227,232
2776,"oak",310,324
2781,"willow",229,239
2786,"willow",301,308
2788,"oak",373,382
2793,"willow",242,241
2799,"oak",386,402
2809,"fir",313,333
2812,"willow",282,293
2817,"oak",317,329
2823,"oak",342,351
2838,"willow",287,296
2839,"willow",221,227
2859,"fir",120,141
2860,"willow",176,175
2861,"oak",452,469
2862,"oak",323,336
2875,"willow",287,295
2876,"willow",130,135
2880,"oak",379,393
2886,"willow",214,218
2888,"willow",193,201
2892,"fir",171,191
2896,"fir",291,311
2899,"fir",379,396
2903,"oak",287,294
2905,"oak",324,338
2908,"oak",235,248
2909,"willow",194,201
2917,"oak",250,259
2924,"oak",423,434
2928,"willow",261,269
2932,"fir",347,366
2936,"willow",272,284
2937,"fir",223,242
2962,"oak",279,291
2968,"willow",336,349
2970,"fir",257,276
2973,"willow",321,317
2984,"willow",252,256
2985,"willow",195,201
2986,"oak",410,421
2987,"fir",194,185
3003,"fir",243,273
3017,"willow",287,298
3030,"oak",371,382
3031,"willow",197,202
3035,"fir",223,244
3042,"fir",310,328
3047,"willow",290,298
3053,"fir",325,346
3058,"oak",342,332
3083,"willow",273,282
3087,"oak",356,363
3089,"fir",202,221
3095,"willow",307,315
3102,"oak",332,342
3116,"willow",210,215
3122,"fir",239,269
3127,"willow",230,237
3129,"fir",166,190
3130,"fir",58,78
3132,"willow",293,297
3135,"willow",278,282
3140,"oak",272,290
3156,"fir",203,215
3163,"oak",275,284
3164,"oak",405,417
3167,"oak",289,304
3168,"willow",195,203
3172,"willow",292,303
3177,"oak",331,344
3180,"oak",169,174
3183,"fir",17,23
3193,"fir",193,218
3200,"oak",469,479
3204,"fir",279,291
3206,"oak",405,419
3210,"oak",311,322
3223,"oak",322,335
3224,"oak",399,408
3227,"fir",163,174
3228,"willow",268,277
3229,"oak",354,369
3232,"willow",195,206
3247,"oak",248,258
3248,"oak",333,340
3253,"willow",261,267
3255,"oak",317,327
3257,"oak",395,403
3263,"oak",380,398
3264,"fir",247,275
3266,"fir",143,165
3272,"willow",217,222
3275,"willow",249,258
3283,"willow",270,280
3290,"willow",267,265
3293,"fir",92,105
3296,"fir",136,156
3309,"willow",292,305
3310,"oak",294,299
3323,"oak",230,238
3335,"oak",431,445
3337,"oak",174,188
3339,"fir",193,213
3349,"oak",306,317
3353,"oak",212,227
3364,"fir",41,62
3368,"oak",322,330
3370,"oak",382,396
3382,"oak",329,343
3389,"fir",289,308
3390,"willow",272,282
3393,"fir",261,279
3398,"oak",255,264
3399,"oak",342,359
3405,"willow",225,236
3419,"willow",203,209
3438,"fir",127,144
3448,"willow",222,232
3458,"oak",297,313
3468,"fir",162,175
3469,"willow",206,217
3475,"fir",92,120
3480,"willow",277,284
3487,"oak",288,303
3493,"fir",267,287
3501,"willow",267,272
3505,"willow",238,244
3511,"oak",271,279
3521,"fir",169,191
3541,"oak",287,293
3548,"willow",238,248
3549,"fir",127,148
3557,"fir",349,368
3558,"willow",320,332
3568,"oak",235,238
3580,"oak",367,378
3592,"fir",179,202
3594,"oak",349,346
3595,"fir",72,65
3597,"fir",257,276
3598,"willow",210,219
3601,"willow",308,313
3603,"oak",475,493
3620,"willow",292,295
3631,"willow",272,286
3642,"fir",339,356
3643,"willow",262,274
3652,"willow",256,269
3657,"willow",311,324
3670,"fir",236,223
3680,"willow",309,315
3683,"fir",152,173
3700,"oak",297,312
3702,"fir",355,368
3710,"oak",369,383
3712,"fir",177,196
3714,"willow",297,295
3722,"fir",439,462
3730,"willow",232,237
3740,"oak",320,334
3746,"willow",335,340
3756,"willow",245,260
3758,"willow",201,210
3759,"oak",337,354
3774,"oak",89,96
3783,"oak",442,451
3785,"fir",241,263
3788,"oak",234,243
3795,"oak",448,459
3797,"willow",274,281
3804,"willow",221,230
3805,"willow",196,201
3811,"oak",327,343
3820,"willow",283,293
3821,"oak",392,405
3822,"fir",55,83
3823,"fir",223,243
3826,"willow",229,236
3827,"oak",407,419
3830,"oak",324,334
3835,"oak",340,354
3845,"oak",206,219
3862,"oak",364,372
3863,"willow",225,235
3875,"oak",417,422
3878,"oak",371,389
3879,"oak",325,336
3881,"fir",92,112
3883,"fir",256,243
3886,"fir",203,226
3900,"oak",282,296
3903,"oak",104,111
3910,"fir",279,274
3912,"fir",113,123
3913,"fir",163,187
3914,"oak",207,214
3916,"fir",257,279
3918,"oak",419,427
3922,"fir",267,288
3923,"oak",150,155
3928,"willow",226,237
3931,"fir",81,116
3937,"oak",252,270
3942,"willow",142,151
3945,"oak",217,209
3958,"oak",410,417
3963,"fir",222,239
3969,"willow",358,367
3973,"willow",302,298
3978,"willow",288,299
3988,"willow",275,279
3990,"oak",273,284
3991,"oak",340,355
3996,"fir",190,209
3999,"oak",440,452
4008,"willow",299,306
4013,"oak",228,237
4014,"oak",263,271
4015,"willow",221,231
4018,"fir",414,429
4024,"fir",93,112
4026,"willow",246,253
4042,"oak",216,227
4045,"oak",209,222
4059,"willow",306,309
4073,"oak",354,346
4078,"willow",251,259
4079,"fir",290,303
4080,"fir",346,373
4085,"fir",199,213
4086,"oak",316,335
4091,"oak",475,483
4094,"fir",93,121
4095,"willow",113,120
4097,"willow",290,300
4104,"fir",231,246
4107,"oak",419,409
4121,"fir",166,188
4130,"willow",167,176
4141,"oak",355,367
4144,"fir",-42,-19
4145,"fir",173,190
4158,"willow",377,384
4160,"oak",275,295
4164,"oak",350,367
4167,"oak",606,621
4169,"oak",371,379
4182,"oak",283,288
4184,"fir",186,201
4191,"oak",222,230
4192,"fir",-34,-3
4202,"oak",379,385
4206,"oak",383,402
4208,"fir",354,382
4219,"willow",168,167
4220,"fir",160,179
4227,"fir",307,325
4232,"fir",17,32
4234,"willow",263,268
4255,"fir",190,215
4256,"fir",113,129
4265,"willow",241,248
4269,"fir",325,355
4270,"willow",337,348
4281,"oak",402,418
4287,"fir",285,299
4289,"fir",233,253
4291,"willow",229,239
4292,"willow",263,271
4293,"willow",240,250
4298,"willow",279,289
4310,"oak",193,209
4315,"willow",285,292
4316,"willow",313,324
4318,"fir",197,226
4326,"fir",232,249
4335,"oak",299,309
4344,"oak",296,311
4347,"willow",275,279
4350,"fir",309,325
4353,"willow",305,307
4354,"willow",273,278
4355,"fir",19,43
4363,"willow",278,286
4372,"oak",472,479
4374,"willow",321,328
4380,"fir",83,105
4390,"willow",191,202
4393,"fir",104,119
4402,"oak",289,284
4405,"willow",216,224
4406,"oak",346,360
4410,"willow",208,214
4415,"willow",318,328
4419,"oak",317,322
4421,"fir",48,58
4422,"oak",271,287
4430,"willow",162,168
4437,"oak",415,425
4439,"fir",320,341
4444,"oak",120,134
4464,"willow",332,322
4466,"oak",283,299
4469,"oak",268,281
4470,"oak",307,324
4479,"willow",207,218
4483,"oak",582,593
4489,"fir",122,140
4491,"willow",157,168
4492,"willow",288,294
4494,"oak",268,286
4509,"willow",248,256
4510,"willow",207,216
4513,"oak",268,276
4515,"oak",361,372
4518,"willow",283,295
4524,"willow",278,287
4525,"fir",-28,-6
4527,"fir",261,280
4528,"oak",206,217
4532,"willow",167,174
4534,"willow",276,278
4540,"oak",395,409
4549,"fir",209,223
4557,"willow",254,259
4561,"oak",350,358
4564,"oak",288,305
4567,"fir",253,265
4573,"fir",154,178
4576,"oak",333,344
4577,"oak",341,362
4585,"oak",130,140
4587,"fir",238,248
4589,"fir",79,103
4592,"oak",400,406
4598,"willow",276,287
4600,"willow",256,265
4610,"fir",217,242
4612,"oak",407,427
4615,"fir",227,251
4617,"oak",322,335
4624,"oak",461,473
4633,"fir",-8,5
4636,"willow",222,226
4639,"fir",143,167
4642,"oak",397,408
4643,"fir",324,344
4649,"oak",319,334
4675,"oak",317,330
4679,"oak",418,425
4681,"willow",223,232
4689,"fir",200,224
4692,"oak",448,456
4694,"fir",439,460
4696,"fir",244,255
4701,"oak",281,287
4702,"fir",62,79
4711,"fir",286,303
4724,"fir",7,27
4726,"fir",293,320
4729,"fir",349,366
4731,"oak",413,429
4739,"oak",347,358
4746,"willow",300,297
4753,"willow",188,191
4754,"oak",450,461
4760,"fir",230,246
4762,"oak",384,399
4780,"willow",235,245
4787,"oak",332,341
4791,"oak",288,302
4793,"fir",349,335
4796,"willow",200,209
4801,"oak",328,337
4805,"fir",225,248
4807,"willow",283,293
4809,"willow",261,264
4810,"fir",199,195
4811,"willow",187,191
4812,"willow",137,142
4830,"fir",34,54
4834,"willow",272,265
4843,"fir",227,246
4848,"fir",234,250
4851,"willow",251,252
4856,"fir",121,144
4858,"fir",281,300
4862,"fir",366,393
4870,"fir",319,341
4880,"fir",131,157
4882,"willow",262,271
4887,"fir",131,151
4891,"willow",301,308
4893,"willow",292,299
4905,"oak",401,411
4920,"willow",235,240
4922,"oak",337,349
4925,"fir",-30,-12
4929,"willow",217,228
4937,"fir",172,165
4938,"oak",300,307
4939,"oak",434,438
4941,"willow",206,197
4942,"oak",243,254
4950,"willow",229,234
4966,"fir",270,286
4974,"willow",329,336
4985,"willow",239,243
4988,"fir",253,276
4999,"fir",314,286
